Aa,aa,Aao,o,,91970
Abdominal,abdmenel,Abdmenel,,,91845
Abigail,abgal,Abgal,,,91358
Eyeballs,abols,Abols,,,91735
Observed,absevd,Absevd,,,91810
Abusive,abeuv,Abuv,,,90324
Abusively,abeuv-e,Abuve,,qabeuv,90324
Arches,Acs,Acs,,,91640
Adding,adg,Adg,,,90001
Adobe,adobe,Adobeo,o,,92468
Adrian,adrean,Adren,,,90154
Advising,advizg,Advizg,,,91817
Advocating,advkatg,Advkatg,,,91363
Advocacy,advkse,Advkse,,,92441
Affects,afks,Afks,,,91343
Afar,afor,Afor,,,90479
Afoot,afut,Afut,,,92600
Athens,ahns,Ahns,,,90107
Accuracy,akrse,Akrse,,,90972
Accepted,aksd,Aksd,,,91222
Accepting,aksg,Aksg,,,91483
Actors,aktrs,Aktrs,,,91621
Alarming,alAmg,Alamg,,,91756
Alarms,alAms,Alams,,,91215
Alberto,albEto,Albeto,,,92491
Allowed,ald,Ald,,,90011
Alleviate,aleveat,Alevet,,,90299
Alicia,alez,Alez,,,92376
Alligators,algatrs,Algatrs,,,92405
Alexander,algsandE,Algsande,,,92773
Allowing,alg,Algu,u,,90993
Ilo,alo,Aloo,o,,91414
Allows,als,Alse,e,,90619
Amateur,amc,Amc,,,92254
Armed,Amd,Amd,,,91861
Aimee,ame,Ameoo,oo,,91571
Amy,ame,Ameu,u,,91744
Aiming,amg,Amg,,,92596
Amazon,amzn,Amzn,,,91060
Andy,ande,Ande,,,91770
Ander,andE,Andeo,o,,90939
Anders,andrs,Andrs,,,92070
Anderson,andrsn,Andrsn,,,92090
Andrew,andru,Andru,,,92507
Anne,an,Ani,i,,92306
Erin,An,Anii,ii,,92251
Angela,anjl,Anjlu,u,,91348
Anomaly,anome,Anome,,,91683
Anomalies,anomles,Anomles,,,90616
Anonymously,anonmse,Anonmse,,,91474
Ann,an,Anoo,oo,,92203
Ions,ans,Ansu,u,,91644
Ein,an,Anu,u,,91531
Ane,an,Anuu,uu,,91304
Annoyed,anoed,Anyd,,,91355
Annoying,anoeg,Anyg,,,90512
Apace,apas,Apas,,,90067
Ap,ape,Apeo,o,,91056
Aping,apg,Apg,,,92206
Appalachian,aplaz,Aplazo,o,,92875
Appalled,apod,Apod,,,92432
Apes,aps,Aps,,,92632
Apt,apt,Aptu,u,,90505
Arcs,arks,Arkso,o,,91278
Irons,arns,Arns,,,90594
Arrow,aro,Aroo,o,,91549
Arrows,aros,Aros,,,91106
Ice,as,Asa,a,,92726
Acid,asd,Asd,,,91718
Ac,ase,Aseu,u,,91345
Icing,asg,Asg,,,92182
Ascribed,askribd,Askribd,,,92238
Eisen,asn,Asn,,,92820
Assault,asot,Asot,,,92030
Asp,asp,Aspo,o,,90788
Assets,asts,Asts,,,91512
Ast,ast,Asty,y,,91712
Eighth,ath,Ath,,,90605
Atlas,atls,Atls,,,91687
Atomic,atmk,Atmk,,,91581
Attempting,atmtg,Atmtg,,,90253
Attempts,atmts,Atmts,,,91097
Attributable,atrebb,Atrebb,,,92118
Attributed,atrebd,Atrebd,,,90325
Attributes,atrebs,Atrebs,,,92201
Arteries,Atres,Atres,,,90677
Ita,at,Aty,y,,91522
Avalanche,avlanc,Avlanc,,,91507
Ivan,avn,Avno,o,,90872
Asia,az,Az,,,92019
Bailey,bae,Bae,,,90255
Barge,bAj,Baj,,,92582
Baked,bakt,Bakto,o,,92414
Ballet,bala,Bala,,,92891
Bailed,bald,Baldu,u,,91678
Banned,band,Bandi,i,,92399
Barnacles,bAnkls,Bankls,,,91110
Banishment,banzm,Banzm,,,90906
Banished,banzt,Banzt,,,90904
Bearing,barg,Barg,,,91168
Bearer,barr,Barr,,,90727
Biblical,beblkl,Beblkl,,,92512
Bingo,beggo,Beggo,,,90459
Belly,bele,Beleo,o,,90015
Bells,bels,Bels,,,91882
Burner,bEnE,Beneu,u,,91585
Burns,bEns,Bens,,,92544
Betting,betg,Betgqk,,,91153
Bits,bets,Bets,,,92485
Buffer,bfr,Bfro,o,,91451
Bye,bi,Bii,i,,91099
Bind,bind,Bindo,o,,91778
Binds,binds,Bindso,o,,91795
Bite,bit,Bito,o,,92020
Byte,bit,Bitu,u,,91203
Buys,biz,Biz,,,90392
Beacon,bkn,Bkn,,,92001
Beacons,bks,Bksi,i,,91905
Blade,blad,Blad,,,91664
Blake,blak,Blako,o,,90375
Blair,blar,Blar,,,90362
Blast,blast,Blasto,o,,92920
Blaze,blaz,Blaz,,,92691
Bulb,blb,Blb,,,92394
Bleeding,bledg,Bledg,,,91248
Belongs,blgs,Blgs,,,90288
Bly,bli,Blii,i,,90573
Bulk,blk,Blk,,,91764
Blend,blnd,Blnd,,,92271
Blending,blndg,Blndg,,,90486
Blowing,blog,Blog,,,92403
Blows,blos,Blos,,,91814
Bills,bls,Bls,,,90134
Blunder,blU,Bluu,u,,92746
Beam,bm,Bm,,,91855
Boom,bm,Bmo,o,,92313
Bump,bmp,Bmp,,,90891
Bumping,bmpg,Bmpg,,,91636
Bumpers,bmprs,Bmprs,,,92056
Bumped,bmpt,Bmpt,,,91197
Benefits,bnfs,Bnfs,,,91098
Bob,bob,Bobo,o,,90755
Boarding,bodg,Bodg,,,92448
Boggs,bogs,Bogsi,i,,92230
BOLT,bolt,Bolto,o,,90978
Bombing,bomg,Bomg,,,92323
Bomb,bom,Bomo,o,,91686
Bonny,bone,Bonei,i,,92337
Bones,bons,Bons,,,91981
Barber,borbr,Borbro,o,,91819
Barbs,borbs,Borbs,,,92717
Barking,borkg,Borkg,,,90706
Bosses,boss,Bosso,o,,90599
Bosch,boz,Boz,,,91803
Bradley,brade,Brade,,,92025
Brad,brad,Bradi,i,,90028
Brag,brag,Bragu,u,,92346
Brake,brak,Brako,o,,90947
Breaker,brakr,Brakr,,,90498
Brakes,braks,Brakso,o,,90961
Brackets,brakts,Brakts,,,91010
Brandon,brandn,Brandn,,,90458
Brace,bras,Brasi,i,,91594
Braces,brass,Brasso,o,,91530
Braver,bravr,Bravr,,,91447
Breach,brec,Brec,,,91319
Brig,breg,Breg,,,91403
Breathed,breh-d,Brehd,,qbdehr,92869
Breathing,breh-\-h,Brehg,,qbeghr,92869
Breathe,breh,Breho,o,,92869
Breathes,breh-s,Brehs,,qbehrs,92869
Bridging,brejg,Brejg,,,91402
Bricks,breks,Breks,,,92458
Brit,bret,Breti,i,,91206
Brittle,bretl,Bretl,,,90530
Bribing,bribg,Bribg,,,92511
Brian,brien,Brien,,,90807
Broomstick,brmstk,Brmstk,,,90522
Brenda,brnd,Brndo,o,,90784
Broach,broc,Broc,,,91559
Broached,broct,Broct,,,92353
Broader,brodE,Brode,,,91949
Brock,brok,Broko,o,,92476
Broker,brokr,Brokr,,,92666
Bharata,brot,Broto,o,,91886
Bruce,brus,Brus,,,92848
Brutality,brutalte,Brutalte,,,92496
Brutal,brutl,Brutl,,,90984
Beast,bst,Bst,,,90565
Beasts,bsts,Bsts,,,92658
Beating,btg,Btg,,,91833
Beats,bts,Btsi,i,,90712
Bully,bule,Bule,,,90399
Bows,baos,Bws,,,92156
Buzzing,bzg,Bzg,,,91794
Bizarre,bzor,Bzor,,,91305
Chad,cad,Cado,o,,91773
Charmed,cAmd,Camd,,,90842
Charming,cAmg,Camg,,,92453
Chained,cand,Cand,,,91714
Chick,cek,Ceki,i,,92720
Chin,cen,Cen,,,91754
Chip,cep,Cepo,o,,90888
Chips,ceps,Ceps,,,90602
Witching,cg,Cgo,o,,90700
Chalk,cok,Cokqk,,,90976
Chopper,copr,Copr,,,91900
Charles,corls,Corls,,,92401
Chunk,cq,Cqo,o,,92047
Chew,cu,Cuo,o,,91879
Witch,c,Cw,w,,92680
Choices,coess,Cyss,,,90266
Dad,dad,Dadu,u,,90647
Darien,dAean,Daen,,,92177
Dang,dag,Dagi,i,,92699
Derek,dAk,Dako,o,,90230
Dat,dat,Dato,o,,90547
Dey,da,Dau,u,,91901
Dave,dav,Dav,,,90060
David,davd,Davd,,,90000
Deva,dav,Davo,o,,92057
Davis,davs,Davs,,,92147
DUTCH,dc,Dc,,,90236
Date,td,Ddu,o,,90023
Deb,deb,Debu,u,,91665
Durch,dEc,Dec,,,91008
Deaths,dehs,Dehs,,,91903
Diligently,deljnte,Deljnte,,,92578
Dealt,delt,Delt,,,90595
Delta,delt,Delto,o,,92123
Depth,deph,Deph,,,91327
Depths,deph-s,Dephs,,qdehps,91327
Dip,dep,Depo,o,,91931
Detach,detac,Detac,,,92856
Dia,de,Deuu,uu,,92064
Differences,dfs,Dfs,,,90716
Dug,dg,Dg,,,91225
Douglas,dgls,Dgls,,,90546
Doug,dg,Dgu,u,,90545
Diagram,diegram,Diegram,,,91492
Dial,diel,Diel,,,91135
Dying,dig,Digo,o,,90193
Dice,dis,Diso,o,,92429
Dive,div,Div,,,90378
Diver,divr,Divr,,,92811
DAI,di,Diy,y,,92626
Dies,diz,Diz,,,91637
Decreased,dkrest,Dkrest,,,91434
Deemed,dmd,Dmd,,,90628
Dummy,dme,Dmeu,u,,91061
Demonstrably,dmonstrbe,Dmonstrbe,,,92851
Dumping,dmpg,Dmpg,,,90973
Damps,dmps,Dmps,,,91943
Dumps,dmps,Dmpso,o,,91310
Dumped,dmpt,Dmpt,,,91369
Dump,dmp,Dmpu,u,,90480
Downhill,dnhel,Dnhel,,,91832
Dane,dn,Dni1,i1,,90110
Donne,dn,Dnii,ii,,90176
Dante,dnt,Dnt,,,91868
Dan,dn,Dnw,w,,90851
Dana,dn,Dny1,y1,,90407
Dun,dn,Dnyy,yy,,92763
Dobson,dobsn,Dobsn,,,92703
Dodd,dod,Dod,,,92716
Doctors,doktrs,Doktrs,,,92870
Dolls,dols,Dols,,,92683
Doane,don,Doni,i,,91038
Dope,dop,Dop,,,91908
Dawson,dosn,Dosn,,,90642
Dotting,dotg,Dotgo,o,,92529
Dots,dots,Dotso,o,,91071
Dot,dot,Dotu,u,,90902
Dragged,dragd,Dragd,,,91320
Dragging,dragg,Dragg,,,91160
Drake,drak,Drak,,,92063
Drifting,dreftg,Dreftg,,,92407
Dreaming,dremg,Dremg,,,90648
Drafting,drfg,Drfg,,,92830
Drawing,drog,Drog,,,90744
Disallowed,dsald,Dsald,,,92155
Disband,dsband,Dsband,,,91727
Discus,dsks,Dsksi,i,,91429
Dismayed,dsmad,Dsmad,,,91554
Disordered,dsodrd,Dsodrd,,,91372
Dispersed,dspest,Dspest,,,91210
Despise,dspiz,Dspiz,,,92135
Disposable,dsposb,Dsposb,,,92267
Disposal,dsposl,Dsposl,,,92021
Disturbed,dstebd,Dstebd,,,92295
Distinguishable,dstegguzb,Dstegguzb,,,91786
Distressing,dstresg,Dstresg,,,91925
Deducting,dtktg,Dtktg,,,92076
Doomed,dumd,Dumd,,,91240
Duped,,Duped,,,92877
Durant,durnt,Durnt,,,92312
Dove,dv,Dv,,,90756
Dividing,dvidg,Dvidg,,,91528
Dow,dao,Dwo,o,,92255
Ebbing,ebg,Ebg,,,90474
Etched,ect,Ect,,,92907
ID,ed,Edi,i,,92925
Edison,edsn,Edsn,,,92292
Efforts,efts,Efts,,,90669
Wither,ehE,Eheu,u,,92765
Ethics,ehks,Ehks,,,92894
Weekly,eke,Eke,,,90006
Echoed,ekod,Ekod,,,92709
Echoing,ekog,Ekog,,,92662
Echoes,ekos,Ekos,,,92745
Elective,elkv,Elkv,,,92378
Heels,els,Els,,,91971
Mit,emite,Emite,,,92872
Im,em,Emo,o,,90566
Imp,emp,Emp,,,92815
Inimitable,enemtb,Enemtb,,,90782
Intermediary,enrmedere,Enrmedere,,,91399
Ina,en,Enuu,uu,,91765
Yo,eo,Eo,,,92125
Episode,epsod,Epsod,,,90508
HEAPED,ept,Ept,,,90898
Areas,ereas,Ereso,o,,91275
Eric,erk,Erko,o,,91668
Erik,erk,Erku,u,,92718
Aaron,ern,Ern,,,92909
Eases,ess,Esse,e,,92257
Estimating,estmatg,Estmatg,,,90593
Estimates,estmats,Estmats,,,90627
Eating,etg,Etg,,,90488
Ee,e,Euu,uu,,90470
Irvine,evAY0 n,Evay0 n,,,91575
Evenly,evne,Evne,,,90085
Events,evnts,Evnts,,,90345
Heave,ev,Evu,u,,90414
Faded,fadt,Fadt,,,92390
Fade,fad,Fadu,u,,90965
Faithfully,faHfle,Fahfle,,,91605
Farms,fAms,Famso,o,,91634
Fans,fans,Fansu,u,,90893
Phantom,fantm,Fantm,,,92672
Fan,fan,Fanu,u,,91892
Facing,fasg,Fasg,,,90034
Phases,fass,Fasso,o,,91239
Facets,fasts,Fastsu,u,,90831
Faced,fast,Fastu,u,,92290
Fates,fats,Fatso,o,,91322
Fetch,fec,Fec,,,92216
Fiddler,fedlr,Fedlr,,,90163
Fifth,fefh,Fefh,,,91724
Pfeffer,fefr,Fefr,,,91902
Fixture,fekscE,Feksce,,,92756
Fields,felds,Felds,,,90832
Filling,felg,Felgo,o,,90114
Fenimore,fenmor,Fenmor,,,90781
Feast,fest,Fest,,,91596
Forefront,ffrnt,Ffrnt,,,92005
Forgotten,fgtn,Fgtn,,,90462
Forthright,fHri,Fhri,,,91470
Fiber,fibr,Fibro,o,,92868
Fide,fid,Fid,,,92455
Forecast,fkast,Fkast,,,92451
Effectively,fkve,Fkve,,,90908
Flatly,flate,Flateo,o,,91698
Flattery,flatre,Flatre,,,92530
Flooded,fldt,Fldt,,,91022
Fling,fleg,Fleg,,,90729
Fleeing,fleg,Flego,o,,90730
Flip,flep,Flepi,i,,90361
Flare,fler,Fler,,,92136
Flit,flet,Fletu,u,,91161
Flying,flig,Flig,,,90096
Flies,fliz,Fliz,,,92839
Flux,flks,Flks,,,91893
Flounder,flndE,Flnde,,,90476
Flawless,flols,Flols,,,92841
Flopping,flopg,Flopg,,,90422
Flaws,flos,Floso,o,,92151
Floss,flos,Flosu,u,,91354
Flew,flu,Flu,,,92859
Flushing,flzg,Flzg,,,92780
Formality,fmalte,Fmalte,,,91608
Fumbling,fmbg,Fmbg,,,92318
Forum,fm,Fmi,i,,90281
Formulating,fmulatg,Fmulatg,,,91658
Focused,fokst,Fokst,,,90576
Fold,fold,Foldo,o,,92466
Falling,folg,Folg,,,90492
Foam,fom,Fom,,,91740
Fondly,fonde,Fondeu,u,,91357
Francisco,fransesko,Fransesko,,,90853
Frederick,fredrk,Fredrk,,,92243
Fronting,frntg,Frntg,,,91802
Fronts,frnts,Frnts,,,91876
Fro,fro,Froo,o,,92088
Fussing,fsg,Fsgo,o,,91333
Fooled,fuld,Fuld,,,91303
Foul,faul,Fwl,,,90520
Fuzzy,fze,Fze,,,90819
Gobbled,gAA1bd,Gaa1bd,,,92341
Gardner,gAdnE,Gadneo,o,,90622
Galaxy,galkse,Galkse,,,91774
Gaining,gang,Gango,o,,92042
Gains,gans,Gans,,,92501
Guerra,gar,Garo,o,,91006
Gateway,gatua,Gatua,,,91041
Gateways,gatuas,Gatuas,,,90760
Giving,geg,Geg,,,90088
Gilbert,gelbEt,Gelbet,,,90072
Gill,gel,Gelo,o,,91518
Gil,gel,Gelu,u,,90070
Gary,gere,Gereo,o,,90601
Goethe,gh,Ghqk,,,91046
Ugh,g,Gii,ii,,91401
Ugliness,glens,Glenso,o,,91669
Glue,glu,Gluo,,,92625
Gonna,gon,Gono,o,,92191
Gospel,gosp,Gosp,,,92450
Grabbed,grabd,Grabd,,,91238
Grabbing,grabg,Grabg,,,92560
Grab,grab,Grabo,o,,90389
Granddaughter,grandotE,Grandote,,,92062
Granting,grantg,Grantg,,,90584
Grants,grants,Grantso,o,,92225
Grapes,graps,Graps,,,91096
Grasping,graspg,Graspg,,,91125
Graciously,grazse,Grazse,,,91000
Gretchen,grec,Grec,,,92051
Greed,gred,Gred,,,92486
Greeley,gree,Gree,,,91745
Gregg,greg,Gregu,u,,91283
Greek,grek,Grek,,,92413
Greene,gren,Greno,o,,90077
Greens,grens,Grens,,,91573
Grin,gren,Grenu,u,,92444
Grumbling,grmbg,Grmbg,,,90850
Grumpy,grmpe,Grmpe,,,92017
Grates,grs,Grs,,,92438
Gutter,gtE,Gte,,,92568
Gut,gt,Gto,o,,90103
Guts,gts,Gtso,o,,91108
Gotta,gt,Gty,y,,91775
Guru,guru,Guruo,o,,91910
Governance,gvns,Gvns,,,91597
Gory,goe,Gyo,o,,92253
THAR,hA,Haaa,aa,,91829
Hardship,hAdzp,Hadzp,,,90092
Halfway,hafua,Hafua,,,91033
Hanging,hagg,Hagg,,,91299
Hangs,hags,Hags,,,90291
Hey,ha,Haii,ii,,90240
Hal,hal,Hali,i,,91442
Hamburger,hambrgr,Hambrgr,,,92484
Harmlessly,hAmlse,Hamlse,,,92706
Hampered,hampEd,Hamped,,,92014
Handbook,handbk,Handbk,,,91349
Handing,handg,Handg,,,91052
Hannay,han,Hanw,w,,92640
Hap,hap,Hapo,o,,90799
Heartfelt,hAtfEH2 lt,Hatfeh2 lt,,,92759
Harsh,hAz,Haz,,,90917
Hazard,hazEd,Hazed,,,92849
Hash,haz,Hazu,u,,90843
Herbst,hebst,Hebst,,,91454
Hurdles,hedls,Hedlso,o,,91195
Hurrying,heeg,Heeg,,,91162
Hurricane,hekan,Hekan,,,91183
Hurricanes,hekans,Hekans,,,91921
Hinder,hendE,Hende,,,91216
Hindrance,hendrns,Hendrns,,,91616
Hinders,hendrs,Hendrs,,,91555
Hint,hent,Hent,,,91281
Hints,hents,Hents,,,91193
Theoretically,Heretkle,Heretkle,,,92389
Heroes,heros,Heros,,,91460
Harris,hers,Hersi,i,,91743
Hitting,hetg,Hetgo,,,90014
Thi,he,Heuu,uu,,90808
Hungerford,hggEfEd,Hggefed,,,90113
Hungarian,hggerean,Hggeren,,,92333
Hungarians,hggereans,Hggerens,,,92334
Hungary,hggre,Hggreo,o,,92339
Hybrid,hibrd,Hibrd,,,90391
Hiding,hidg,Hidg,,,90750
Hides,hids,Hids,,,91018
Hygiene,hijen,Hijen,,,90681
Hiring,hirg,Hirg,,,90754
Hires,hirs,Hirs,,,91435
Hire,hir,Hiru,u,,90945
Hump,hmp,Hmpo,o,,92755
Thumbs,hms,Hmsqk,,,91583
Hunting,hntg,Hntg,,,91323
Hobby,hobe,Hobe,,,91282
Hoarded,hodt,Hodt,,,90226
Hogg,hog,Hoga,a,,92215
Jorge,hoh,Hoh,,,92435
Aha,ho,Hoii,ii,,91079
Holidays,holdas,Holdas,,,91811
Holding,holdg,Holdg,,,90315
Holes,hols,Hols,,,90061
Homemade,hommad,Hommad,,,90946
Thorn,hon,Honi,i,,91873
Harper,horpr,Horpr,,,92584
Harvey,horve,Horve,,,91537
Horses,hoss,Hoss,,,92479
HOST,host,Hosto,o,,90424
Hosts,hosts,Hostsu,u,,90528
Haltingly,hotG,Hotgo,o,,92757
Hooray,hra,Hrao,o,,92689
Hurrah,hro,Hroo,o,,92111
Throttle,Hrotl,Hrotl,,,90952
Thrust,Hrst,Hrst,,,92667
Husk,hsk,Hsk,,,91967
Huss,hs,Hsw,w,,92599
Hue,heu,Hui,i,,92749
Hook,huk,Huk,,,90477
Hooked,hukt,Hukt,,,92040
Whomever,humev,Humev,,,90108
Hou,hu,Huoo,oo,,92240
Hoops,hups,Hups,,,90836
Thunderstorms,hUstorms,Hustorms,,,92670
Hoot,hut,Hutu,u,,90489
Thaw,Ho,Hye,ee,,91505
Hoist,hoest,Hyst,,,91437
Hoy,hoe,Hyu,u,,91119
AI,i,Ie,e,,92613
Jack,jak,Jak,,,90780
Jacob,jakb,Jakb,,,91214
Jake,jak,Jako,o,,91734
James,jams,Jams,,,91007
Gee,je,Jee,e,,91090
Jeff,jef,Jef,,,90283
Jenkins,jegks,Jegks,,,92190
Gillian,jelean,Jelen,,,91453
Gel,jel,Jelo,o,,92087
Jim,jem,Jem,,,90076
Jennifer,jenfr,Jenfr,,,90644
Gen,jen,Jeni,i,,90701
Geniuses,jenuss,Jenuss,,,92522
Jared,jerd,Jerdo,o,,91287
Jerry,jere,Jere,,,91051
Jeremy,jerme,Jerme,,,91190
Jungle,jggl,Jggl,,,91843
Juggling,jglg,Jglg,,,91463
Jai,ji,Ji,,,90079
Judging,jjg,Jjg,,,90195
Jun,jn,Jni,i,,91039
Josiah,josie,Josieo,o,,92688
Java,jov,Jov,,,90159
Josh,joz,Joz,,,90791
Joshua,jozu,Jozu,,,90440
Justus,js,Jsu,u,,92812
JUT,jt,Jt,,,91602
Juba,jub,Jub,,,91838
Judas,juds,Juds,,,91885
Judaism,judsm,Judsm,,,90246
Julie,jue,Jue,,,92538
Julian,julean,Julen,,,90938
Cards,kAds,Kads,,,90734
Carrying,kaeg,Kaeg,,,91445
Carey,kae,Kaeu,u,,92741
Katherine,kaHEn,Kahen,,,91534
Kathryn,kaHrn,Kahrni,i,,92813
Camel,kaml,Kaml,,,91308
Camper,kampr,Kampr,,,91546
Camps,kamps,Kamps,,,90636
Camera,kamr,Kamr,,,92805
Casing,kasg,Kasg,,,92380
Cas,kas,Kasu,u,,90353
Caretaker,katakr,Katakr,,,90679
Catalog,katl,Katlu,u,,90249
Caches,kazs,Kazso,o,,90916
Cache,kaz,Kazu,u,,90043
Casual,kazul,Kazul,,,92564
Concha,kc,Kco,o,,91853
Contradictory,kDekre,Kdekre,,,91828
Canada,kd,Kdo,o,,92338
Candace,kds,Kds,,,92065
Conde,kd,Kdu,u,,92882
Keith,keh,Keh,,,91607
Killing,kelg,Kelg,,,90432
Curling,kelg,Kelgo,o,,91729
Killer,kelr,Kelro,o,,92440
Curls,kels,Kels,,,91928
Kills,kels,Kelso,o,,90196
Kim,kem,Kemo,o,,90692
Kinda,kend,Kend,,,91675
Kenneth,kenh,Kenh,,,92293
Kenyon,kenn,Kenn,,,90190
Calmly,ke,Keo,o,,90726
Curly,kere,Kere,,,91529
Kit,ket,Keto,o,,91821
Curtis,kEts,Kets,,,91807
Kon,k,Kii,ii,,92735
Kinds,kis,Kis,,,91695
Kite,kit,Kito,o,,91934
Cai,ki,Kiy,y,,91797
Conjecture,kjekcE,Kjekce,,,91302
Claiming,klamg,Klamg,,,91907
Clan,klan,Klan,,,92336
Collapse,klaps,Klaps,,,91307
Collapsed,klaps-d,Klapsd,,qadklps,91307
Collapsing,klaps-\-h,Klapsg,,qagklps,91307
Collapses,klaps-s,Klapss,,qaklps,91307
Classic,klask,Klask,,,91166
Clem,klem,Klem,,,91062
Cleaner,klenE,Kleneo,,,91935
Claude,klod,Klod,,,92068
Claudia,klodea,Klode,,,92305
Clocks,kloks,Kloks,,,91329
Clark,klork,Klork,,,92194
Clues,kluz,Kluzo,,,90431
Coombe,kmb,Kmb,,,92480
Canon,kn,Kni,i,,92892
Kun,kn,Kno,o,,91966
Counts,knts,Kntsu,u,,91533
Cannon,kn,Knu,u,,92377
Cob,kob,Kobo,o,,91635
Commodity,kodte,Kodte,,,90740
Kanawha,koh,Koh,,,91502
Cogent,kojnt,Kojnt,,,92592
Colla,kol,Kole,e,,91519
Columns,kolms,Kolms,,,90873
Colon,koln,Kolno,o,,90637
Corners,konrs,Konrs,,,90680
Cop,kop,Kopi,i,,92344
Corpus,kops,Kopso,o,,91894
Cops,kops,Kopsu,u,,90926
Corp,kop,Kopu,u,,90874
Karl,korl,Korl,,,90098
Cars,kors,Kors,,,92402
Courtroom,kotrum,Kotrum,,,92551
Cozy,koze,Koze,,,91016
Compared,kPAd,Kpad,,,90980
Copied,kped,Kped,,,90515
Copying,kpeg,Kpeg,,,91050
Copies,kpes,Kpes,,,90555
Comp,kP,Kpw,w,,91439
Craft,kraft,Krafto,o,,92322
Cracking,krakg,Krakg,,,92176
Cracks,kraks,Kraks,,,91917
Crammed,kramd,Kramd,,,91994
Cramps,kramps,Kramps,,,91846
Crash,kraz,Kraz,,,91128
Crashes,krazs,Krazs,,,91719
Crashed,krazt,Krazt,,,90426
Credibility,krdblte,Krdblte,,,90646
Cringe,krenj,Krenj,,,92086
Crippled,krepld,Krepld,,,90149
Cripple,krep,Krepo,o,,92188
Kristi,kreste,Krestei,i,,92838
Christy,kreste,Kresteu,u,,92829
Crystal,krestl,Krestl,,,91563
Crunch,krnc,Krnc,,,90128
Crawl,kro,Kroo,o,,92725
Cropped,kropt,Kropt,,,92704
Christina,krstn,Krstn,,,91747
Christine,krstn,Krstno,o,,90697
Crude,krud,Krud,,,91141
Crouched,kraoct,Krwct,,,92217
Crushing,krzg,Krzg,,,90010
Crushed,krzt,Krzt,,,91984
Concede,ksed,Ksedqk,,,92131
Concerning,ksEng,Kseng,,,91710
Concerns,ksEns,Ksens,,,90148
Cuss,ks,Ksy,y,,92101
Contacted,ktakd,Ktakd,,,90900
Contacting,ktakg,Ktakg,,,91498
Contacts,ktaks,Ktaks,,,91707
Cutting,ktg,Ktg,,,92601
Contents,ktnts,Ktnts,,,90320
Continuously,ktnuse,Ktnuse,,,90231
Contentious,ktnzs,Ktnzso,o,,91960
Cookie,kuke,Kuke,,,90556
Cookies,kukes,Kukes,,,90557
Cooke,kuk,Kuko,o,,91586
Cooks,kuks,Kuks,,,90682
Cuckoos,kukus,Kukus,,,91673
Coolest,kulst,Kulst,,,92605
Cowboy,kaobOY2,Kwboy2,,,92465
Consciously,kzse,Kzse,,,92409
Lagging,lagg,Lagg,,,90473
Languishing,lagguzg,Lagguzg,,,91440
Languished,lagguzt,Lagguzt,,,92593
Lang,lag,Lagi,i,,92833
Liking,lag,Lago,o,,91680
Lags,lags,Lagsu,u,,92627
Lacks,laks,Lakso,u,,92067
Lanes,lans,Lansu,u,,91979
Lapse,laps,Laps,,,92695
Leis,las,Lasy,y,,91749
Willed,ld,Ld,,,92310
Lurch,lEc,Lecu,u,,91918
Leading,ledg,Ledg,,,91726
Lilly,lele,Lele,,,90811
Limb,lem,Lem,,,91627
Limp,lemp,Lemp,,,90016
Limping,lempg,Lempg,,,92094
Leaning,leng,Lengo,o,,91112
Lin,len,Lenuu,uu,,91244
Lene,len,Lenww,ww,,92532
Leap,lep,Lepo,o,,91100
Larry,lere,Lere,,,92241
Lisa,les,Lesy,y,,90439
Letting,letg,Letg,,,90818
Lived,levd,Levd,uu,,91332
Leaving,levg,Levgo,o,,90997
Leverage,levj,Levj,,,91824
Liv,lev,Levuu,uu,,92280
Leash,lez,Lezo,o,,92799
Libraries,librres,Librres,,,91465
Lied,lid,Lidu,u,,90355
Lion,lien,Lien,,,92619
Lining,ling,Lingu,u,,91120
Lucky,lke,Lke,,,90694
Lun,ln,Lni,i,,91026
Lobby,lobe,Lobeo,o,,92098
Lob,lob,Lobo,o,,92524
Loaded,lodt,Lodt,,,90189
Loaned,lond,Londo,o,,90553
Lottery,lotre,Lotre,,,92262
Lots,lots,Lotso,o,,92163
Lawyers,loY rs,Loy rs,,,92549
Lorna,lrn,Lrn,,,92639
Listed,lsd,Lsd,,,90071
Willis,ls,Lsiqk,i,,91415
Wilson,lsn,Lsn,,,92022
Lu,lu,Lua,a,,92743
Lucas,luks,Luks,,,92521
Loop,lup,Lup,,,90540
Loops,lups,Lups,,,92445
Lucy,luse,Luse,,,91785
Lucie,luse,Luseu,u,,91009
Losing,luzg,Luzg,u,,90319
Loses,luzs,Luzs,u,,90865
William,lY m,Ly m,,,92032
Wm,lY m,Ly mo,o,,90369
Williams,lY ms,Ly ms,,,92000
Magnetic,magnetk,Magnetk,,,92804
Martha,mAh,Mahqk,,,91029
Madge,maj,Maj,,,91266
Maj,maj,Majo,o,,91267
Michael,makl,Makl,,,91497
Mike,mak,Mako,o,,90910
Max,maks,Makso,o,,90179
Manifesting,manfstg,Manfstg,,,91290
Manufacturers,manufakcrrs,Manufakcrrs,,,90949
Masking,maskg,Maskg,,,91510
Masks,masks,Maskso,o,,92604
Embedded,mbdd,Mbdd,,,91690
Umbrella,mbrel,Mbrel,,,92289
Muddle,mdl,Mdl,,,92698
Muddled,mdld,Mdld,,,92303
Mi,me,Mea,a,,91058
Media,medea,Medeu,u,,92469
Mechanism,meksm,Meksm,,,90433
Mick,mek,Meku,u,,91742
Mic,mek,Meky,y,,92054
Mellem,melm,Melm,,,91881
Miller,melr,Melr,,,92205
Mr,mestE,Meste,,,92497
Mesh,mez,Mezi,i,,91064
Meinen,minn,Minn,,,90411
Minus,mins,Minso,o,,92213
Melinda,mlend,Mlend,,,91318
Mullet,mlt,Mlt,,,92418
Multi,mlte,Mlte,,,90835
Modes,mods,Mods,,,92840
Mock,mok,Mok,,,92371
Manon,monen,Moneno,o,,92641
Moe,mo,Moo1,o1,,90425
Mose,mos,Mosa,a,,92382
Moses,moss,Mosso,o,,91753
Moss,mos,Mosu,u,,91628
Mortals,motls,Motls,,,92681
Empirical,mperkl,Mprkl,,,90982
Impersonal,mprsl,Mprsl,,,92714
Missing,msg,Msg,,,90121
Mondays,muns,Munso,o,,91750
Moore,mur,Muro,o,,90235
Immutable,meutb,Mutb,,,92876
Mouse,maos,Mws,,,92748
Maury,moe,Myu,u,,92232
Michel,mzel,Mzel,,,92258
Michele,mzel,Mzelo,o,,91600
Nab,nab,Nabu,u,,91783
Nagging,nagg,Nagg,,,91874
Nag,nag,Nagi,i,,90215
Nang,nag,Nago,o,,90216
Nathan,nahn,Nahn,,,91296
Nassau,nas,Naso,o,,92411
Nasty,naste,Naste,,,90254
Natalie,nate,Nateo,o,,92234
Nba,,Nba,,,92900
Undone,ndn,Ndno,o,,91676
Endorse,ndos,Ndos,,,92348
Endings,ndS,Ndsi,i,,90402
Undid,ndt,Ndto,o,,92299
Undoing,ndug,Ndug,,,90736
Undo,ndu,Nduu,u,,91706
Nearby,nEbi,Nebi,,,92586
Unheeded,nedt,Nedto,o,,92035
NIC,nek,Neki,i,,91186
Neil,nel,Nela,a,,91236
Nie,ne,Neuu,uu,,92918
Nerves,nevs,Nevs,,,92798
Infinitely,nfnte,Nfnte,,,92446
Infra,nfr,Nfro,o,,90348
Inherits,nherts,Nherts,,,91230
Nightly,nie,Nieo,o,,91243
Nine,nin,Nin,,,92573
Nudged,njd,Njd,,,91610
Nudging,njg,Njg,,,91588
Incoming,nkmg,Nkmg,,,90250
Increased,nkrest,Nkrest,,,90445
Unlucky,nlke,Nlke,,,92178
Unmasked,nmaskt,Nmaskt,,,91388
Unmarked,nmorkt,Nmorkt,,,91589
Nah,no,Noaa,aa,,90376
Nod,nod,Nodo,o,,91580
Node,nod,Nody,y,,90047
Knowing,nog,Nog,,,90256
Knowingly,nog-e,Noge,,qegno,90256
Nothin,nohn,Nohn,,,92214
Nominal,nomenel,Nomenel,,,91848
Nominate,nomenet,Nomenet,,,91890
Nonce,nons,Nons,,,91331
Nope,nop,Nop,,,90846
Knows,nos,Nos,,,90438
Nosed,nosd,Nosd,,,92314
Norris,nos,Nosi,i,,92332
Notoriously,notoease,Notyse,,,92857
Unpunished,npnzt,Npnzt,,,92708
Enterprise,NPris,Npris,,,90227
Unravel,nravl,Nravl,,,90722
Unread,nred,Nred,,,92729
Unresponsive,nresponsv,Nresponsv,,,91257
Unsafe,nsaf,Nsaf,,,91478
Unseen,nsen,Nsen,,,92781
Incense,nsens,Nsens,,,92144
Incentive,nsentv,Nsentv,,,92752
Incentives,nsentvs,Nsentvs,,,92753
Incites,nsits,Nsitsqk,,,90059
Unsold,nsold,Nsold,,,90635
Inspector,nspr,Nspr,,,92173
Inspectors,nspr-s,Nsprs,,qnprs,92173
Installing,nstolg,Nstolg,,,91001
Ensues,nsus,Nsus,,,92179
Untie,nti,Ntio,o,,90204
Intensify,ntnsf,Ntnsf,,,92924
Intensity,ntnste,Ntnste,,,91089
Intensive,ntnsv,Ntnsv,,,92865
Untrained,ntrand,Ntrand,,,91392
Entries,ntres,Ntres,,,90056
Interfering,ntrferg,Ntrferg,,,91969
Introspection,ntrspekz,Ntrspekz,,,90870
Introspective,ntrspkv,Ntrspkv,,,92562
Intruding,ntrudg,Ntrudg,,,92395
Intruders,ntrudrs,Ntrudrs,,,92222
Noodle,nudl,Nudl,,,92575
Unwell,nuel,Nuel,,,92648
Unwind,nuind,Nuind,,,91494
Noone,nun,Nuna,a,,92921
News,nus,Nus,,,90046
Unused,neusd,Nusd,,,90203
Invariably,nvarbe,Nvarbe,,,91395
Intervals,nVls,Nvls,,,91722
Noises,noess,Nyss,,,91937
Naively,noeve,Nyve,,,91730
Orbit,obt,Obt,,,92362
Oc,oc,Oc,,,90466
Oddly,ode,Odea,a,,90191
Overfilled,oFeld,Ofeld,,,92661
Aug,ogst,Ogst,,,92656
Overhaul,Ohol,Ohol,,,92268
Authorship,oHrZ,Ohrz,,,92204
Auge,oj,Oj,,,91506
Agin,ojen,Ojen,,,92730
Oracle,okl,Okl,,,90322
Overcoming,Okmg,Okmg,,,91469
Alla,ol,Ol,,,91941
Ole,ol,Olo,o,,91633
Alt,olt,Olt,,,91545
Olive,olv,Olv,,,92231
Oliver,olvr,Olvr,,,92898
Oral,ol,Oly,y,,92607
Ami,ome,Ome,,,91572
Omitting,ometg,Ometg,,,91957
Overnight,Oni,Onio,o,,90233
Online,onlin,Onlin,,,90342
Onnen,onn,Onn,,,90562
Owns,ons,Onso,o,,90002
Entre,ontr,Ontr,,,92228
Overall,Ool,Ool,,,90241
Opportunities,oprs,Oprs,,,90769
Opt,opt,Opto,o,,90764
Overwork,Ork,Ork,,,92590
Arcade,orkad,Orkad,,,92404
Overruled,Orld,Orld,,,91295
Overseas,Oses,Osesqk,,,91701
Awesome,osm,Osm,,,92039
Ave,ova,Ova,,,90915
Overshadowing,Ozadog,Ozadog,,,92850
Parched,pAct,Pact,,,91704
Paired,pAd,Pada,a,,91187
Pad,pad,Pado,o,,92061
Pang,pag,Pago,o,,92541
Paths,pahs,Pahs,,,90390
Pageant,pajnt,Pajnt,,,90158
Packing,pakg,Pakg,,,90821
Pallid,pald,Pald,,,92248
Palisade,palsad,Palsad,,,91632
Panels,panls,Panls,,,92922
Pane,pan,Pany,y,,90841
Pacified,pasfid,Pasfid,,,92897
Passing,pasg,Pasg,,,90569
Passingly,pasg-e,Pasge,,qaegps,90569
Passover,pasO,Pasou,u,,92426
Patty,pate,Pateo,o,,92379
Patton,patn,Patni,i,,92819
Patrick,patrk,Patrk,,,91584
Patients,pazts,Pazts,,,90385
Pedal,pedl,Pedl,,,90951
Pedals,pedls,Pedls,,,90948
Periods,PEds,Peds,,,92078
Pegged,pegd,Pegd,,,91985
Peg,peg,Pegi,i,,92570
Ping,peg,Pegy,y,,90020
Pickle,pekl,Pekl,,,92493
Peak,pek,Peko,o,,91301
Pillows,pelos,Pelos,,,90685
Pill,pel,Pely,y,,92027
Pinch,penc,Penc,,,92638
Pinned,pend,Pend,,,91992
Pinning,peng,Peng,,,91578
Penalty,penlte,Penlte,,,91015
Pest,pest,Pesto,o,,92914
Pers,pes,Pesw,w,,92244
Pits,pets,Petso,o,,91436
PIED,pid,Pid,,,91032
Piling,pilg,Pilg,,,92595
Pilot,pilt,Pilt,,,92396
Pioneering,pinEg,Pineg,,,90778
Pining,ping,Pingo,o,,92631
Piped,pipt,Pipt,,,91396
Pirate,pirt,Pirt,,,91548
Puck,pk,Pk,,,91767
Peculiarities,pkY uleertes,Pky uleertes,,,91049
Plague,plag,Plago,o,,90178
Planning,plang,Plang,,,90418
Plastic,plastk,Plastk,,,91095
Platforms,platforms,Platformso,o,,91394
Plaiting,platg,Platg,,,90671
Plumber,plmE,Plmeo,o,,90570
Plumbing,plmg,Plmg,,,90687
Pumps,pmps,Pmps,,,91699
Pumped,pmpt,Pmpt,,,91872
Punch,pnc,Pnc,,,90282
Punched,pnc-d,Pncd,,qcdnp,90282
Punching,pnc-\-h,Pncg,,qcgnp,90282
Punches,pnc-s,Pncs,,qcnps,90282
LB,pnd,Pndo,o,,91860
Pennies,pnes,Pnes,,,92548
Pods,pods,Podso,o,,90484
Poking,pokg,Pokg,,,90384
Poke,pok,Poko,o,,92172
Polling,polg,Polg,,,91020
Paulo,poo,Poou,u,,92015
Popping,popg,Popg,,,92463
Par,por,Poro,o,,91446
Parsing,porsg,Porsg,,,91205
Parse,pors,Porso,o,,91199
Posed,posd,Posdo,o,,90596
Posey,pose,Posei,i,,91314
Posting,postg,Postg,,,92487
Posts,posts,Postso,o,,90452
Portable,potb,Potb,,,91455
Porter,potE,Pote,,,92837
Ports,pots,Potsu,u,,90120
Practices,praktss,Praktss,,,92583
Pratt,prat,Prat,,,91251
Probed,probd,Prbd,,,91620
Probing,probg,Prbg,,,91646
Prob,prb,Prbi,i,,91626
Prodding,prdg,Prdg,,,92345
Prodigal,prdgl,Prdgl,,,92367
Prodded,prdt,Prdt,,,91368
Producing,produsg,Prdusg,,,90885
Pier,per,Pree,ee,,90922
Prig,preg,Prgu,u,,91728
Purr,pr,Pri1,i1,,91649
Pride,prid,Prid,,,92099
Proclaim,proklam,Prklam,,,92647
Parallel,perll,Prll,,,90447
Premature,premcur,Prmcur,,,90877
Prematurely,premcure,Prmcure,,,90881
Primavera,premover,Prmover,,,92242
Premise,prems,Prms,,,92075
Premises,premss,Prmss,,,91142
Prone,pron,Prn,,,92561
Parentheses,prenhses,Prnhses,,,91011
Printer,prentE,Prnte,,,92700
Printers,prentrs,Prntrs,,,92696
Prints,prents,Prntso,o,,92490
Periodic,preodk,Prodk,,,92526
Properties,prpEtes,Prpetes,,,90766
Proprietary,prprietre,Prprietre,,,91837
Prop,prp,Prpu,u,,90817
Pressed,presd,Prsd,,,91703
Precedence,presdns,Prsdns,,,91517
Preceding,presedg,Prsedg,,,91841
Proceeds,prseds,Prsedso,o,,90762
Proceeded,prsedt,Prsedt,,,92867
Precipitate,prseptat,Prseptat,,,92443
Precipitating,prseptatg,Prseptatg,,,92442
Pressing,presg,Prsg,,,90670
Precise,prsis,Prsis,,,90415
Precisely,prsis-e,Prsise,,qeiprs,90415
Presumably,prsmbe,Prsmbe,,,92473
Prison,presn,Prsn,,,91944
Pris,pres,Prsy,y,,92503
Protocol,protkl,Prtkl,,,90751
Protocols,protkols,Prtkls,,,90752
Protocols,protkols,Prtkols,,,90752
Prototype,prototip,Prtotip,,,90200
Privy,preve,Prve,,,90921
Pro,pro,Pryy,yy,,91241
Ups,ps,Psu,u,,92375
Putty,pte,Ptei,i,,90529
Optimistic,ptmestk,Ptmestk,,,91927
Parts,pts,Pts,,,90774
Upward,puEd,Pued,,,91360
Pulls,puls,Pulso,o,,92858
Upwards,purds,Purds,,,92304
Upshot,pzt,Pzt,,,90590
Quantum,kontm,Qontm,,,92558
Array,ra,Ra,,,90674
Arrayed,ra-d,Rad,,qadr,90674
Raft,raft,Rafto,o,,92630
Arraying,ra-\-h,Rag,,qagr,90674
Rubble,rAH1b,Rah1b,,,90704
Wrath,rah,Raho,o,,91887
Rey,ra,Rai,i,,90775
Rails,rals,Rals,,,92291
Ramp,ramp,Rampo,o,,91738
Ramsey,ramse,Ramseo,o,,92495
Wrapping,rapg,Rapg,,,92128
Wrap,rap,Rapo,o,,90232
Wrappers,raprs,Raprso,o,,92307
Wraps,raps,Rapso,o,,91965
Wrapped,rapt,Rapt,,,92454
Arrays,ra-s,Ras,,qars,90674
Racing,rasg,Rasgo,o,,92516
Rebecca,rbek,Rbek,,,92611
Richly,rce,Rce,,,91769
Richard,rcEd,Rced,,,91143
Reed,rd,Rd,,,90336
Ordeals,rdels,Rdels,,,90691
Reading,rdg,Rdg,,,90219
Rudd,rd,Rdi,i,,91793
Redirects,redrks,Rdrks,,,92803
Ringing,regg,Regg,,,92300
Wrinkle,regkl,Regkl,,,92653
Arena,ren,Ren,,,91988
Risky,reske,Reske,,,90420
Risking,reskg,Reskg,,,92636
Risks,resks,Resks,,,90942
Writ,ret,Reto,o,,90655
Regan,rgn,Rgn,,,91289
Regrets,rgrets,Rgrets,,,91598
Wreath,rh,Rh,,,92279
Riding,ridg,Ridg,,,90127
Ryan,rien,Rieno,o,,90571
Ripe,rip,Rip,,,91973
Arriving,rivg,Rivg,u,,92927
Arises,rizs,Rizso,o,,92115
Ridge,rj,Rj,,,91940
Ric,rk,Rkaa,aa,,90552
Recording,rkdg,Rkdg,,,91124
Records,rkds,Rkds,,,90306
Rector,rkE,Rke,,,92457
Recount,rknt,Rknt,,,92616
Rico,rko,Rkoo,o,,92572
Rilla,rl,Rla,a,,91865
Released,rlest,Rlest,,,90812
Reliability,rliblte,Rliblte,o,,90960
Relying,rlig,Rlig,,,91782
Relies,rliz,Rliz,,,90261
Reimburse,rmbes,Rmbes,,,92732
Rumor,rmE,Rmeo,o,,90739
Rum,rm,Rmi,i,,91361
Rumors,rmrs,Rmrso,o,,90927
Rendering,rndrg,Rndrg,,,92153
Runner,rnE,Rne,u,,90897
Runaway,rnua,Rnua,,,91499
Renewing,renug,Rnug,,,90618
Renews,renus,Rnus,,,90130
Robert,robEt,Robet,,,90641
Roberts,robEts,Robets,,,92391
Robin,robn,Robn,,,91300
Robinson,robnsn,Robnsn,,,92319
Robust,robst,Robst,,,91660
Roger,rojE,Roje,,,91174
Rocks,roks,Roks,,,92602
Roles,rols,Rolso,o,,90645
Rama,rom,Romy,y,,90412
Erroneous,roneas,Rones,,,92651
Roanoke,ronok,Ronok,,,91104
Ron,ron,Rony,y,,90586
Reopened,ropnd,Ropnd,,,92712
Reopening,ropng,Ropng,,,92425
Roque,rok,Roq,,,92734
Arose,ros,Roso,o,,92366
Roast,rost,Rost,,,91459
Rows,ros,Rosu,u,,90827
Replaced,rplast,Rplast,,,90017
Rippled,rpld,Rpld,,,92676
Ripples,rpls,Rplso,o,,92816
Reporting,rprg,Rprg,,,90471
Reaper,rpr,Rpro,o,,91839
Ripped,rpt,Rpto,o,,90813
Reap,rp,Rpu,u,,91850
Repudiate,rpeudeat,Rpudet,,,92116
Reread,rred,Rred,,,92784
Reset,rset,Rsetu,u,,90806
Reside,rsid,Rsid,,,92114
Resides,rsids,Rsids,,,92159
Risen,rsn,Rsno,o,,92093
Responding,rspondg,Rspondg,,,91220
Responds,rsponds,Rsponds,,,91757
Responded,rspondt,Rspondt,,,90208
Ruby,rube,Rube,,,92460
Rude,rud,Rud,,,90145
Rudimentary,rudmentre,Rudmentre,,,92269
Rudeness,rudns,Rudns,,,91998
Ruse,rus,Rus,,,92643
Root,rut,Ruto,o,,90150
Ravi,rve,Rve,,,92320
Revived,rvivd,Rvivd,,,92274
Reves,rvs,Rvso,o,,92461
Roi,roe,Ry,,,91945
Roe,ro,Rye,ee,,92594
Rowena,roen,Ryn,,,92685
Rushed,rzt,Rzt,,,92018
Sadly,sade,Sadeo,o,,90514
Sandbags,sandbags,Sandbagso,o,,92508
Sandy,sande,Sande,,,91297
Sandra,sandr,Sandr,,,92852
Sanity,sante,Santeu,u,,90693
SAP,sap,Sapo,o,,91711
Subvert,sbvEt,Sbvet,,,92146
Sid,sed,Sedi,i,,91325
Sydney,sedne,Sedne,,,92576
Cmu,seemeu,Seemu,,,92113
Serfs,sEfs,Sefs,,,90294
Sift,seft,Seft,,,92547
Segment,segm,Segm,,,91177
Segments,segms,Segms,,,91184
Signatures,segncrs,Segncrs,,,92050
Surgical,sEjkl,Sejkl,,,90374
Suck,sek,Seke,e,,90326
Sucking,sekg,Sekgo,o,,90785
Cyclops,seklops,Seklops,,,91458
Cycles,sekls,Seklso,o,,91431
Secondary,sekndre,Sekndre,u,,90626
Secrecy,sekrse,Sekrse,,,92673
Sucks,seks,Seksoo,oo,,91379
Sucked,sekt,Sekti,i,,90352
Sect,sekt,Sekto,o,,91448
Cell,sel,Seli,i,,90082
Sylvia,selvea,Selve,,,92129
Surrendered,sEndEd,Sended,,,92873
Sr,senY r,Seny ru,u,,91909
Sept,sept,Septo,o,,91246
Serum,serm,Serm,,,90597
Sere,ser,Seruu,uu,,92609
Ceci,sese,Sese,,,90435
Cc,sese,Sesea,a,,90446
Sieve,sev,Sevu,u,,92760
SIE,se,Sew,w,,91539
Safari,sfore,Sfore,,,90638
Silenced,silnst,Silnst,,,92822
Silently,silnte,Silnte,,,90804
Silo,silo,Siloo,o,,91397
Signing,sing,Singo,o,,90257
Sine,sin,Sini,i,,92723
Signs,sins,Sinso,o,,91082
Sites,sits,Sitso,o,,90012
Sideways,siuas,Siuas,,,91564
Sizable,sizb,Sizb,,,92340
Scarred,skAd,Skado,o,,92844
Scalpel,skalp,Skalpu,u,,90377
Scatter,skatE,Skateo,o,,92249
Scattered,skatrd,Skatrd,,,90305
Sketchy,skece,Skece,,,92502
Skeletons,skeltns,Skeltns,,,90491
Skip,skep,Skep,,,90298
Skipped,skept,Skept,,,91002
Asking,skg,Skg,,,90080
Scanning,skg,Skgo,,,90003
Sky,ski,Ski,,,92265
Skies,skiz,Skiz,,,90434
Scoring,skog,Skog,,,92563
Scholars,skolrs,Skolrs,,,92237
Scope,skop,Skop,,,90564
Scores,skos,Skos,,,91755
Scots,skots,Skots,,,92335
Scot,skot,Skotu,u,,92906
Scratch,skrac,Skrac,,,90504
Scratched,skrac-d,Skracd,,qacdkrs,90504
Scratching,skrac-\-h,Skracg,,qacgkrs,90504
Scratches,skrac-s,Skracs,,qackrs,90504
Scrub,skrb,Skrb,,,90643
Scream,skrem,Skrem,,,92786
Screaming,skremg,Skremg,,,90019
Screens,skrens,Skrens,,,90365
Scrip,skrep,Skrep,,,91317
Scrawl,skro,Skro,,,90347
Asks,sks,Sks,,,90064
Scans,sks,Skso,,,90018
Scoop,skup,Skup,,,90987
Slag,slag,Slagi,i,,92769
Slack,slak,Slak,,,91625
Slam,slam,Slamo,o,,91477
Slash,slaz,Slaz,,,91151
Slid,sled,Sledo,o,,92272
Slick,slek,Sleko,o,,90549
Slipping,slepg,Slepgo,o,,90720
Slipped,slept,Sleptu,u,,91390
Soliciting,slestg,Slestg,,,92539
Slit,slet,Slet,,,92158
Sleeve,slev,Slev,,,91731
Slides,slids,Slids,,,91835
Sloppy,slope,Slopeo,o,,90521
Slot,slot,Sloto,o,,90297
Smith,smeh,Smeh,,,91093
Smell,smel,Smel,,,90989
Summum,smm,Smm,,,91328
Smoking,smokg,Smokg,,,91198
Summit,smt,Smt,,,90247
Snaps,snaps,Snapso,o,,91137
Sneered,snEd,Sned,,,90650
Sniff,snef,Snef,,,91180
Sniffing,snefg,Snefg,,,91182
Sniffed,sneft,Sneft,,,92074
Sneers,snEs,Snes,,,91805
Software,sofur,Sofur,,,91122
Sa,so,Soi,i,,91406
Solely,sole,Soleo,o,,91639
Solitary,soltre,Soltre,,,91692
Som,som,Somo,o,,91980
Sop,sop,Sopu,u,,91615
Sark,sork,Sork,,,92110
Sarcasm,sorkasm,Sorkasm,,,90703
Sar,sor,Sory,y,,92775
Spanned,spand,Spand,,,91351
Span,span,Spano,o,,91344
Spatter,spatE,Spate,,,91449
Experiencing,speg,Speg,,,90013
Spin,spen,Spen,,,90713
Spinning,speng,Speng,,,90364
Spins,spens,Spenso,o,,92423
Spitting,spetg,Spetg,,,90979
Spectator,spktE,Spkte,,,92211
Splash,splaz,Splaz,,,92571
Spelled,spld,Spld,,,90224
Splitting,spletg,Spletg,,,91075
Spun,spn,Spnu,u,,91968
Spawn,spon,Spon,,,91725
Sparse,spors,Spors,,,92488
Sporadic,spradk,Spradk,,,92103
Spreading,spredg,Sprdg,,,90129
Specialist,spst,Spst,,,91796
Specialists,spsts,Spsts,,,91393
Sunk,sq,Sq,,,91511
Sinking,sqg,Sqg,,,92140
Cinque,sq,Sqi,i,,92883
Squatting,sqotg,Sqotg,,,92652
Suspects,sspks,Sspks,,,90444
Suspenders,sspndrs,Sspndrs,,,92690
Stab,stab,Stabo,o,,92896
Starched,stAct,Stact,,,92534
Staked,stakt,Stakt,,,91536
Stale,stal,Stal,,,90239
Stable,stb,Stb,,,91382
Stability,stblte,Stblte,,,90267
Stealth,steh,Steh,,,90805
Stick,stek,Stek,,,90953
Sticky,steke,Steke,,,91277
Sticks,steks,Steks,,,90954
Stillness,stens,Stens,,,90676
Steered,sterd,Sterd,,,90380
Steven,stevn,Stevno,o,,90024
Stating,stg,Stg,,,91946
Stile,stil,Stilo,o,,90404
Stumbled,stmbd,Stmbd,,,91321
Stamps,stmps,Stmps,,,90427
Stems,stms,Stmso,o,,92383
Staunch,stnc,Stnc,,,91233
Standing,stng,Stng,,,90572
Stern,stn,Stno,o,,91003
Stalled,stod,Stodi,i,,91194
Stored,stod,Stodo,o,,90321
Stones,stons,Stons,,,90472
Stopper,stpr,Stpr,,,91235
Stoppers,stpr-s,Stprs,,qprst,91235
Stink,stq,Stq,,,92663
Stinks,stqs,Stqs,,,90126
Stray,stra,Stra,,,92623
Stragglers,straglrs,Straglrs,,,91974
Stranded,strandt,Strandt,,,92624
Straight,strat,Strat,,,90396
Strings,stregs,Stregs,,,90673
Strictly,strekte,Strekte,,,91337
Strip,strep,Strep,,,92013
Stress,stres,Stres,,,91356
Straws,stros,Stros,,,91126
States,sts,Sts,,,91073
Studio,studeo,Studeo,,,90157
Stoop,stup,Stup,,,92776
Stupidity,stupedte,Stupedte,,,92518
Stout,staot,Stwt,,,90524
Swinging,suegg,Suegg,,,92052
Swimmer,suemE,Sueme,,,90935
Sweating,suetg,Suetg,,,90423
Suite,suet,Sueto,o,,91897
Suites,suets,Suetso,o,,92023
Sweat,suet,Suetu,u,,90201
Succeeding,sukdg,Sukdg,,,92569
Succeeds,sukds,Sukds,,,90717
Swarm,suom,Suom,,,92801
Swamped,suomt,Suomt,,,92721
Soup,sup,Supo,o,,91672
Swoop,suup,Suup,,,90966
Suzanne,suzan,Suzan,,,92060
Severely,svere,Svere,,,91408
Severity,sverte,Sverte,,,90867
Savoy,svoe,Svy,,,92315
Sour,saor,Swr,,,91504
SAO,sao,Swu,u,,92053
Tar,tA,Taa,a,,90468
Tangle,taggl,Taggl,,,92316
Tacks,taks,Taksu,u,,92510
Tak,tak,Taku,u,,90119
Taylor,talr,Talr,,,90894
Tanned,tand,Tand,,,92079
Tap,tap,Tapo,o,,92349
Tape,tap,Tapu,u,,92731
Tasks,tasks,Taskso,o,,90109
Tasked,taskt,Taskt,,,92911
Tartar,tAtE,Tate,,,92006
Tart,tAt,Tati,i,,90715
Touching,tcg,Tcg,,,91444
Twitching,tcg,Tcgo,o,,91697
Tedious,tedus,Tedus,,,92108
Tel,te,Teee,ee,,90290
Turf,tef,Tef,,,92462
Tearing,tEg,Tego,o,,91213
Ticking,tekg,Tekg,,,90271
Ticked,tekt,Tekto,o,,92245
Tick,tek,Teku,u,,92427
Teem,tem,Temu,u,,92127
Teodoro,teodoo,Teodoo,,,92294
Tier,ter,Teru,u,,91371
Tis,tes,Tese,e,,91812
Tester,testE,Testei,i,,91472
Tv,teve,Teve,,,90259
Tougher,tfr,Tfro,o,,90615
Tugging,tgg,Tggqk,,,92141
Tung,tg,Tgu,u,,90151
Tidy,tide,Tideo,o,,92577
Tied,tid,Tido,o,,90535
Tide,tid,Tidu,u,,91475
Tying,tig,Tig,,,92175
Tyler,tilr,Tilr,,,91340
Tai,ti,Tiy,y,,92684
Tame,tm,Tmi,i,,92343
Timeline,tmln,Tmln,,,91959
Timelines,tmlns,Tmlns,,,91958
Thompson,tmpsn,Tmpsn,,,92456
Thomson,tmsn,Tmsn,,,92494
Tune,tn,Tna,a,,91834
Tending,tndg,Tndg,,,92831
Tuned,tnd,Tndo,o,,92871
Tends,tnds,Tnds,,,90892
Tuning,tng,Tng,,,90152
Tunnel,tnl,Tnl,,,90684
Tennant,tnnt,Tnnto,o,,90920
Todd,tod,Tody,y,,90135
Toll,tol,Tolo,o,,90733
Tolerance,tolrns,Tolrns,,,91557
Tolerant,tolrnt,Tolrnt,,,92137
Tops,tops,Topso,o,,91211
Tossed,tost,Tost,,,91136
Tortoise,tots,Tots,,,90168
Tinker,tqr,Tqr,,,92372
Tinkering,tqrg,Tqrg,,,92369
Traded,tradt,Tradt,,,91768
Traffic,trafk,Trafk,,,90030
Trans,trans,Transu,u,,92598
Tracy,trase,Trase,,,92612
Trash,traz,Traz,,,91713
Uttered,trd,Trd,,,92536
Tread,tred,Tred,,,90461
Trickling,treklg,Treklg,,,92860
Trenches,trencs,Trencs,,,90737
Trent,trent,Trento,o,,91889
Tripping,trepg,Trepg,,,91490
Triple,trep,Trepo,o,,90330
Teresa,tres,Tresu,u,,91496
Trivial,treveal,Trevel,,,90541
Trump,trmp,Trmp,,,92697
Tornadoes,trnados,Trnados,,,91922
Tussle,tsl,Tsl,,,92192
Todo,tudu,Tudu,,,91622
Transient,tZt,Tzt,,,91155
Uwe,u,Uaa,aa,,90776
Wade,uad,Uado,o,,92282
Wagging,uagg,Uagg,,,92546
Uber,ubr,Ubr,,,91574
Whichever,ucev,Ucev,y,,90454
Weirdly,uEde,Uedeu,u,,92747
Wedding,uedg,Uedg,,,92880
Weeds,ueds,Ueds,,,92270
Wheeling,uelg,Uelg,,,91629
Welland,uelnd,Uelndo,o,,91751
Whim,uem,Uem,,,90911
Winds,uends,Uends,,,92660
Winner,uenE,Uene,,,91800
Winning,ueng,Ueng,,,90052
Wins,uens,Uenso,o,,91127
Weep,uep,Uep,,,90334
Whip,uep,Uepo,o,,92574
Wept,uept,Uept,,,91663
Whipped,uept,Uepto,o,,92719
Wearying,uereg,Uereg,,,90639
Whistles,uesls,Uesls,,,91883
Westbrook,uestbrk,Uestbrk,,,92311
Underestimate,Uestmat,Uestmat,,,90864
Whittle,uetl,Uetl,,,92285
Widely,uide,Uide,,,90725
Wildly,uilde,Uilde,,,92186
Eugene,ujen,Ujen,,,92308
Ukraine,ukran,Ukran,,,92138
Wound,und,Undu,u,,90312
Uni,une,Uneo,o,,90585
Unified,unfid,Unfid,,,91590
Unifying,unfig,Unfig,,,92621
Ward,uod,Uod,,,91176
Wad,uod,Uodo,o,,90518
Woe,uo,Uoe,e,,91926
Waugh,uo,Uoii,ii,,92259
Walking,uokg,Uokg,,,91801
Warmly,uome,Uome,,,91341
Wa,uo,Uooo,oo,,92105
Warped,uopt,Uopt,,,91806
Woes,uos,Uosa,a,,90443
Wasp,uosp,Uosp,,,92913
Whoa,uo,Uouu,uu,,91339
Wor,uo,Uow,w,,91911
Ure,ur,Ura,a,,91772
Used,usd,Usd,,,90161
Usenet,usnt,Usnt,,,91081
Wu,uu,Uua,a,,91389
Woods,uuds,Uuds,,,90990
Worrying,uueg,Uueg,,,91685
Whoops,uups,Uups,,,91461
Whew,uu,Uuy,y,,91870
Yu,u,Uyy,yy,,92370
Wishes,uzs,Uzs,,,91386
Vacuum,vakum,Vakum,,,90928
Vale,val,Vali,i,,92655
Veils,vals,Vals,,,92416
Val,val,Valy,y,,92408
Vanderbilt,vandrblt,Vandrblt,,,92048
Verbs,vebs,Vebs,,,90657
Verge,vEj,Vej,,,91306
Vinegar,vengr,Vengr,,,91896
Vent,vent,Vento,o,,92835
Venue,venu,Venu,,,91741
Varies,ves,Vesa,a,,90855
Vs,vess,Vesso,o,,90237
Vishnu,veznu,Veznu,,,91335
Vine,vin,Vinu,u,,92766
Vendors,vndrs,Vndrs,,,91375
Vox,voks,Vokso,o,,92886
Volley,vole,Vole,,,90672
Voltage,voltj,Voltj,,,92169
Ver,vr,Vr,,,91234
Howdy,aude,Wdeqk,,,91083
Oui,w,Wi,i,,92657
Howl,aul,Wl,,,90889
Howells,auls,Wls,,,90999
Award,auod,Wod,,,91181
Awoke,auok,Wok,,,92525
Housing,ausg,Wsg,,,92908
Outhouse,aothaus,Wthws,,,90509
AIX,es,Xo,o,,91330
Explode,esplod,Xplod,,,91904
Explodes,esplods,Xplods,,,91232
Exploded,esplodt,Xplodt,,,90436
Exposed,esposd,Xposd,,,90269
Exported,espotd,Xpotd,,,90496
Exports,esprts,Xprts,,,90513
Exeter,estE,Xte,,,91830
Extinguisher,estegguzE,Xtegguze,,,92674
Yank,Y aq,Y aq,,,91787
Yanked,Y aqt,Y aqt,,,91788
Uri,Y ee,Y ee,,,90578
Yell,yel,Yel,,,90592
Yelled,yeld,Yeldo,o,,90260
Yields,yelds,Yelds,,,92606
Yeast,yest,Yest,,,90180
Oils,oels,Yls,,,91285
Oyster,oestE,Yste,,,91207
Shady,zade,Zade,,,91479
Shallow,zalo,Zalo,,,90503
Zara,zar,Zar,,,91224
Zich,zec,Zec,,,92421
Shepherd,zepEd,Zeped,,,92277
Zipped,zept,Zept,,,92359
Xi,ze,Zeu,u,,91579
Shiny,zine,Zine,,,90419
Shining,zing,Zing,,,91221
Schneider,znidE,Znide,,,92071
Shoddy,zode,Zode,,,90327
Showing,zog,Zog,,,90221
Shoreham,zom,Zom,,,90777
Shawn,zon,Zonaa,aa,,91758
Zone,zon,Zoni,i,,90868
Sean,zon,Zonuu,uu,,90580
Shows,zos,Zos,,,90066
Shotgun,zotgn,Zotgn,,,91641
Shots,zots,Zots,,,91930
Shredded,zredt,Zredt,,,90861
Shrink,zrq,Zrq,,,90481
Shove,zv,Zv,,,92758
Zoe,zoe,Zyu,u,,90184
